{
	"schemaVersion": 1,
	"id": "hanvils-savorism",
	"version": "${version}",
	"name": "Hanvil's Savorism",
	"description": "This is an example description! Tell everyone what your mod is about!",
	"authors": [
		"Me!"
	],
	"contact": {
		"homepage": "https://fabricmc.net/",
		"sources": "https://github.com/FabricMC/fabric-example-mod"
	},
	"license": "CC0-1.0",
	"icon": "assets/hanvils-savorism/icon.png",
	"environment": "*",
	"entrypoints": {
		"main": [
			"hanvil.savorism.HanvilsSavorism"
		],
		"client": [
			"hanvil.savorism.HanvilsSavorismClient"
		]
	},
	"mixins": [
		"hanvils-savorism.mixins.json",
		{
			"config": "hanvils-savorism.client.mixins.json",
			"environment": "client"
		}
	],
	"depends": {
		"fabricloader": ">=0.16.14",
		"minecraft": "~1.21.6",
		"java": ">=21",
		"fabric-api": "*"
	},
	"suggests": {
		"another-mod": "*"
	}
}